"","player","position","team","points","sd_pts","dropoff","floor","ceiling","points_vor","floor_vor","ceiling_vor","rank","floor_rank","ceiling_rank","position_rank","tier","adp","aav","uncertainty"
"1","Saquon Barkley","RB","PHI",278,11.5,7.49,264,295,165,180,154,1,1,2,1,"1",5.67,52.7,1
"2","Bijan Robinson","RB","ATL",271,17.3,10,251,301,157,167,159,2,2,1,2,"1",3.62,54.7,8
"3","Jahmyr Gibbs","RB","DET",261,13.8,8.41,244,283,147,159,142,3,3,4,3,"2",6.81,47.6,1
"4","Derrick Henry","RB","BAL",252,22.7,22.2,217,290,139,133,149,4,4,3,4,"3",13.8,46.7,27
"5","Josh Jacobs","RB","GB",230,20.2,3.62,197,255,117,113,114,5,7,6,5,"3",19.9,36.6,24
"6","Christian McCaffrey","RB","SF",227,17.3,1.36,203,246,113,119,105,6,5,9,6,"3",12.2,50.5,15
"7","Devon Achane","RB","MIA",225,12.5,0.887,200,235,112,116,93.3,7,6,13,7,"3",16.1,35.8,3
"8","Jonathan Taylor","RB","IND",224,29.8,4.69,184,267,111,100,126,8,10,5,8,"4",18.4,45.3,75
"9","Ja'Marr Chase","WR","CIN",238,18.9,26,215,265,110,111,107,9,8,7,1,"1",2.9,56.5,18
"10","Ashton Jeanty","RB","LVR",220,18.4,2.48,185,242,106,101,101,10,9,10,9,"4",11.7,67.4,20
"11","Kyren Williams","RB","LAR",217,25.7,5.07,172,246,104,88.1,105,11,13,8,10,"4",21.7,36.5,55
"12","Bucky Irving","RB","TB",212,22.3,6.66,175,238,98.5,91.2,97.1,12,12,12,11,"4",36.3,23.3,37
"13","Chase Brown","RB","CIN",205,21.9,4.33,180,233,91.9,95.7,92.2,13,11,15,12,"5",41,25.2,34
"14","Josh Allen","QB","BUF",362,21.5,1.19,329,387,88.6,71.1,90.4,14,21,16,1,"1",18.1,36.2,9
"15","James Cook","RB","BUF",201,24.5,13.7,164,231,87.5,80.2,89.3,15,16,17,13,"5",33.4,22.3,49
"16","Lamar Jackson","QB","BAL",360,19.7,16.8,334,390,87.4,76,92.8,16,18,14,2,"2",18.6,32.4,6
"17","Justin Jefferson","WR","MIN",212,22.7,13.5,187,255,83.6,82.9,97.3,17,15,11,2,"1",6.79,54.9,43
"18","Breece Hall","RB","NYJ",187,16.4,2.38,170,214,73.8,85.8,72.5,18,14,22,14,"6",32.4,32.6,13
"19","Chuba Hubbard","RB","CAR",185,27.1,0.102,137,213,71.5,52.8,72.1,19,42,23,15,"6",57.9,20.5,65
"20","Kenneth Walker III","RB","SEA",185,17.8,1.8,161,213,71.3,76.8,71.4,20,17,25,16,"6",41.2,21.8,14
"21","Jayden Daniels","QB","WAS",344,20.1,5.27,322,374,70.6,63.4,77.2,21,32,19,3,"2",35,22,11
"22","CeeDee Lamb","WR","DAL",198,15,4.51,172,215,70,67.8,57.8,22,26,32,3,"2",7.07,54.1,6
"23","Omarion Hampton","RB","LAC",183,28.1,0.891,138,216,69.5,53.7,74.7,23,40,21,17,"6",41.4,44.1,77
"24","James Conner","RB","ARI",182,17.6,1.35,160,208,68.7,75.6,67.1,24,19,27,18,"6",50.9,20.1,23
"25","Alvin Kamara","RB","NO",181,19.9,7.7,155,208,67.3,71.1,66.3,25,22,28,19,"6",42.8,24.1,28
"26","Puka Nacua","WR","LAR",194,13.9,0.144,177,213,65.5,72.7,55.3,26,20,34,4,"2",14.8,41.2,11
"27","Jalen Hurts","QB","PHI",338,9.93,12.8,326,353,65.4,68.2,56.2,28,25,33,4,"3",30,26,1
"28","Nico Collins","WR","HOU",193,15.9,1.77,174,217,65.4,70.4,59.5,27,24,30,5,"2",18.9,37.5,19
"29","Brock Bowers","TE","LVR",152,7.77,0.977,142,163,64.6,70.8,58.5,29,23,31,1,"1",37.6,24.8,3
"30","George Kittle","TE","SF",151,13.6,7.28,136,173,63.7,64.1,67.9,30,29,26,2,"1",42.7,20.8,34
"31","Brian Thomas Jr.","WR","JAC",192,23.5,0.903,163,232,63.6,59.2,74.9,31,34,20,6,"2",31.3,26.9,56
"32","Malik Nabers","WR","NYG",191,24.3,4.97,168,237,62.7,63.7,79.7,32,31,18,7,"2",19.9,33.1,60
"33","D'Andre Swift","RB","CHI",173,22.5,8.15,145,213,59.6,60.7,71.7,33,33,24,20,"7",63.3,15.6,51
"34","Amon-Ra St. Brown","WR","DET",186,14.1,8.27,168,202,57.7,63.7,44.4,34,30,39,8,"3",13.9,50.5,8
"35","Trey McBride","TE","ARI",144,6.2,22.1,137,152,56.4,65.7,47.6,35,27,38,3,"2",36.6,24.2,1
"36","Joe Burrow","QB","CIN",326,18,24.1,300,346,52.5,42,49.4,36,47,36,5,"4",31.7,22.2,3
"37","David Montgomery","RB","DET",165,12.8,1.05,149,183,51.5,64.6,41.6,37,28,40,21,"7",62.4,14.2,6
"38","TreVeyon Henderson","RB","NE",164,22.8,5.73,141,204,50.4,56.8,63.2,38,35,29,22,"7",60.8,31.9,58
"39","A.J. Brown","WR","PHI",178,15.3,3.35,158,205,49.5,54.4,47.6,39,39,37,9,"3",21.9,39.7,15
"40","Drake London","WR","ATL",174,13.8,2.95,159,199,46.1,55.3,41.2,40,36,41,10,"3",24.6,32.6,10
"41","Aaron Jones","RB","MIN",158,12.2,0.414,139,177,44.7,54.5,35.3,41,38,45,23,"7",67.6,15.9,7
"42","Tony Pollard","RB","TEN",158,9.98,0.446,139,168,44.3,54.7,27,42,37,57,24,"7",79.6,12.1,4
"43","Joe Mixon","RB","HOU",157,26.6,6.3,116,192,43.8,32.3,50.3,43,56,35,25,"8",64.5,17,93
"44","Ladd McConkey","WR","LAC",171,16,1.42,152,196,43.2,47.8,38.7,44,44,42,11,"3",43.9,21.4,25
"45","Tyreek Hill","WR","MIA",170,9.72,1.99,157,188,41.7,53.7,30,45,41,53,12,"3",31.5,40.6,3
"46","Mike Evans","WR","TB",168,11.9,2.72,156,187,39.8,51.7,29.1,46,43,55,13,"4",39.2,25.9,14
"47","RJ Harvey","RB","DEN",151,22.4,3.61,116,177,37.5,32.3,35.4,47,55,44,26,"8",70.2,23.7,62
"48","Tee Higgins","WR","CIN",165,17.3,1.33,136,185,37,32.1,27.6,48,57,56,14,"4",38.8,23.2,35
"49","Terry McLaurin","WR","WAS",164,14.8,2.06,149,188,35.7,44.8,30.7,49,45,51,15,"4",50,18.1,42
"50","Sam LaPorta","TE","DET",121,11.3,1.11,109,139,34.3,36.9,34,50,50,46,4,"3",51.8,17.2,20
"51","Tyrone Tracy","RB","NYG",148,19.8,1.53,126,172,33.9,41.8,31.2,51,48,50,27,"8",93.6,8.22,39
"52","Davante Adams","WR","LAR",162,19.1,1.65,141,191,33.6,37,33,52,49,47,16,"4",39.2,29.4,44
"53","Mark Andrews","TE","BAL",120,10.8,11.9,107,137,33.2,35.2,31.7,53,52,49,5,"4",72.2,10.2,26
"54","Isiah Pacheco","RB","KC",146,21.4,3.16,113,172,32.4,29.2,30.7,54,60,52,28,"8",75.3,13,41
"55","Jaxon Smith-Njigba","WR","SEA",160,16,2.23,137,184,32,32.9,26.2,55,53,58,17,"4",51,17.4,36
"56","Marvin Harrison Jr.","WR","ARI",158,13,3.53,137,175,29.8,32.7,17.3,56,54,62,18,"4",39.4,27,29
"57","Brian Robinson","RB","WAS",143,20.2,2.13,110,167,29.2,25.6,25.3,57,65,59,29,"8",86,8.86,31
"58","Patrick Mahomes","QB","KC",302,14.5,4.18,283,320,28.5,24.5,22.9,58,66,60,6,"4",42.6,21.8,14
"59","Kaleb Johnson","RB","PIT",141,26.6,12,103,173,27.1,18.8,31.7,59,70,48,30,"9",74.9,26.8,79
"60","DK Metcalf","WR","PIT",154,5.06,4.3,147,162,26.2,42.7,4.26,60,46,84,19,"4",49.2,22.9,1
"61","Kyler Murray","QB","ARI",297,22.7,4.5,271,333,24.3,12.4,35.6,61,78,43,7,"5",74.6,10.5,63
"62","Xavier Worthy","WR","KC",150,19,0.00773,125,175,21.9,21.4,17.1,62,68,63,20,"4",65.6,10.9,64
"63","Courtland Sutton","WR","DEN",150,11.6,0.505,139,171,21.9,35.3,13.3,63,51,67,21,"5",67,15,21
"64","Jameson Williams","WR","DET",150,14.5,1.97,132,173,21.4,28,15.2,64,61,65,22,"5",73.9,9.12,39
"65","T.J. Hockenson","TE","MIN",108,7.4,3.27,97.9,117,21.2,26.4,12.2,65,62,69,6,"4",72.4,10.1,6
"66","Baker Mayfield","QB","TB",293,13.2,4.21,275,308,19.8,17.2,11,66,71,70,8,"5",64.7,11.2,20
"67","Garrett Wilson","WR","NYJ",148,10.6,0.129,134,167,19.5,30,9.53,67,59,76,23,"5",39.3,29,4
"68","D.J. Moore","WR","CHI",147,15.1,0.969,124,170,19.3,20.3,12.3,68,69,68,24,"5",54,18.8,32
"69","Calvin Ridley","WR","TEN",146,11.9,1.25,134,163,18.4,30.6,5.48,69,58,82,25,"5",73.5,11.9,22
"70","Travis Kelce","TE","KC",105,10.9,6.03,87.1,118,18,15.6,13.5,70,76,66,7,"5",65.1,17.2,29
"71","Zay Flowers","WR","BAL",145,11.1,1.66,126,158,17.1,21.7,0.411,71,67,102,26,"5",67.2,10.4,17
"72","Brandon Aubrey","K","DAL",164,14.4,14,138,181,16.6,-0.122,22.7,72,104,61,1,"1",112,4.18,32
"73","Bo Nix","QB","DEN",289,18.8,6.43,261,314,15.6,3.32,16.7,73,93,64,9,"5",75.1,11.3,31
"74","DeVonta Smith","WR","PHI",144,11.2,5.53,130,161,15.4,25.8,3.22,74,64,91,27,"5",58.3,16.9,24
"75","Jaylen Warren","RB","PIT",129,15.8,10.7,110,152,15,25.9,10.8,75,63,73,31,"10",101,6.16,30
"76","David Njoku","TE","CLE",99.1,6.87,2.6,87.4,106,11.9,15.8,1.38,76,75,95,8,"5",95.6,6.32,9
"77","George Pickens","WR","DAL",138,11.3,1.18,121,154,9.92,16.7,-3.31,77,72,119,28,"5",71.4,11.7,26
"78","Tucker Kraft","TE","GB",96.5,12,3.88,76.6,116,9.34,5.01,10.9,78,86,72,9,"5",115,4.13,31
"79","Brock Purdy","QB","SF",282,11.2,3.6,265,296,9.14,6.72,-0.828,79,84,108,10,"6",91.4,6.48,37
"80","Jerry Jeudy","WR","CLE",137,15.9,2.21,120,167,8.74,15.8,9.73,80,74,75,29,"5",88.9,9.29,46
"81","Deebo Samuel","WR","WAS",135,19.8,1.84,104,167,6.54,-0.288,9.18,81,105,77,30,"6",84.6,14.7,62
"82","Justin Herbert","QB","LAC",279,15,0.984,260,301,5.54,1.53,4.01,82,99,87,11,"6",110,8.03,51
"83","Tyler Warren","TE","IND",92.6,7.75,3.98,84.6,105,5.46,13,-0.12,83,77,104,10,"6",115,10.1,23
"84","Rashee Rice","WR","KC",133,22.7,2.18,108,166,4.7,3.74,8.4,84,91,78,31,"6",66,14.4,85
"85","Justin Fields","QB","NYJ",278,10.5,4.55,266,297,4.55,8.28,0,85,82,103,12,"6",101,6.66,74
"86","J.K. Dobbins","RB","DEN",118,15.1,1.25,95.2,140,4.29,11.1,-0.793,86,79,107,32,"10",110,8.12,61
"87","Broncos","DST","DEN",97,9.93,0.946,87.2,113,3.51,5.19,6.46,87,85,79,1,"1",112,2.46,3
"88","Javonte Williams","RB","DAL",117,19.4,1.93,82.2,135,3.04,-1.87,-6.57,88,108,133,33,"10",114,7.85,72
"89","Kaimi Fairbairn","K","HOU",150,6.49,0.296,141,159,2.61,2.37,0.551,89,94,100,2,"1",154,1.47,45
"90","Texans","DST","HOU",96.1,10.5,2.57,79.7,108,2.57,-2.34,1.3,90,110,96,2,"2",131,1.61,29
"91","Travis Hunter","WR","JAC",131,20.7,0.735,105,163,2.52,1.31,4.93,91,100,83,32,"6",70.2,24.7,74
"92","Travis Hunter","WR","JAC",131,20.7,0.735,105,163,2.52,1.31,4.93,91,100,83,32,"6",70.2,24.7,90
"93","Cameron Dicker","K","LAC",150,10.6,0.0632,129,159,2.32,-9.36,0.694,92,146,99,3,"1",135,2.68,16
"94","Chase McLaughlin","K","TB",150,9.11,0.71,133,159,2.25,-5.73,0.491,93,126,101,4,"1",148,2.23,29
"95","Jauan Jennings","WR","SF",130,15.6,1.32,112,154,1.79,8.61,-4.03,94,81,121,33,"6",107,8.81,51
"96","Jake Bates","K","DET",149,4.03,0.794,145,156,1.54,6.76,-1.92,95,83,114,5,"1",140,2.42,1
"97","Dallas Goedert","TE","PHI",88.7,11.8,1.21,69.1,106,1.48,-2.44,0.715,96,111,98,11,"6",132,4.74,54
"98","Rhamondre Stevenson","RB","NE",115,23.4,1.11,82.2,145,1.11,-1.88,3.91,97,109,88,34,"10",109,6.75,69
"99","Jake Elliott","K","PHI",148,4.26,0.364,140,153,0.749,1.83,-5.78,98,97,129,6,"1",154,1.79,6
"100","Jakobi Meyers","WR","LVR",129,6.24,0.371,120,138,0.468,16.4,-20,99,73,193,34,"6",103,7.54,1
"101","Matt Gay","K","WAS",148,6.95,0.384,142,160,0.384,3.98,1.89,100,89,93,7,"1",157,1.4,68
"102","Evan Engram","TE","DEN",87.5,10.8,0.268,73.4,104,0.268,1.8,-0.544,101,98,105,12,"6",105,8.75,43
"103","Jayden Reed","WR","GB",128,15.4,0.0976,109,153,0.0976,4.67,-4.2,102,87,123,35,"6",108,4,47
"104","Jared Goff","QB","DET",273,21,1.5,248,301,0,-10.6,3.59,103,154,89,13,"6",95.5,6.91,77
"105","Travis Etienne","RB","JAC",114,21.5,0.44,84.1,145,0,0,4.04,103,103,86,35,"10",98.7,16.2,63
"106","Tetairoa McMillan","WR","CAR",128,23.5,0.957,88.6,164,0,-15.2,6.04,103,173,80,36,"6",71.1,28.6,88
"107","Kyle Pitts","TE","ATL",87.2,11.4,2.32,64.5,98.1,0,-7.03,-6.8,103,131,134,13,"6",124,6.47,37
"108","Chris Boswell","K","PIT",147,4.59,0.544,142,153,0,3.98,-4.91,103,90,125,8,"1",145,1.98,48
"109","Ravens","DST","BAL",93.5,8.36,0.713,82,106,0,0,-0.702,103,103,106,3,"3",116,2.07,10
"110","Austin Ekeler","RB","WAS",113,14.4,0.0182,93.6,139,-0.44,9.52,-2.35,104,80,116,36,"10",137,4.3,44
"111","Zach Charbonnet","RB","SEA",113,19,3.07,82.6,141,-0.458,-1.48,0,105,107,103,37,"10",123,4.61,35
"112","Jason Sanders","K","MIA",147,9.96,0.473,134,162,-0.544,-4.24,3.59,106,117,90,9,"1",141,1.54,74
"113","Eagles","DST","PHI",92.8,10.6,3.65,78.4,104,-0.713,-3.61,-2.99,107,114,117,4,"4",116,1.59,32
"114","Jaylen Waddle","WR","MIA",127,18.2,0.215,95.5,149,-0.957,-8.35,-9.03,108,138,139,37,"6",78.1,15.8,58
"115","Harrison Butker","K","KC",146,5.52,0.371,138,154,-1.02,0,-4.25,109,103,124,10,"1",158,2.53,19
"116","Rome Odunze","WR","CHI",127,19.6,1.15,104,154,-1.17,0,-3.54,110,103,120,38,"6",91.6,7.29,61
"117","Evan McPherson","K","CIN",146,7.04,0.883,140,158,-1.39,1.89,0,111,96,103,11,"1",180,1.71,55
"118","Caleb Williams","QB","CHI",272,17.8,8.7,258,307,-1.5,0,10.4,112,103,74,14,"7",106,6.72,69
"119","Tyler Bass","K","BUF",145,9.91,1.26,130,160,-2.27,-8.69,1.39,113,140,94,12,"1",160,1.56,71
"120","Zach Ertz","TE","WAS",84.9,11.7,0.46,71.6,105,-2.32,0,0,114,103,103,14,"6",148,3.34,57
"121","Chris Olave","WR","NO",126,17.8,1.06,103,156,-2.33,-1.23,-1.29,115,106,112,39,"6",92.1,8.18,54
"122","Colston Loveland","TE","CHI",84.4,20.8,1.3,50.3,116,-2.78,-21.3,11,116,191,71,15,"6",122,9.93,89
"123","Chris Godwin","WR","TB",125,23.2,1.72,93.8,159,-3.39,-10,1.07,117,151,97,40,"6",92.7,8.18,79
"124","Quinshon Judkins","RB","CLE",110,38.6,0.0136,60.5,171,-3.52,-23.6,29.3,118,197,54,38,"10",116,13.2,99
"125","Younghoe Koo","K","ATL",144,9.23,0.318,133,156,-3.53,-4.99,-2.01,119,121,115,13,"1",160,1.37,65
"126","Najee Harris","RB","LAC",110,19.2,3.94,78.8,132,-3.54,-5.3,-9.31,120,123,141,39,"10",121,5.69,59
"127","Wil Lutz","K","DEN",144,5.23,1.38,138,153,-3.85,0.0542,-5.68,121,102,128,14,"1",168,1.87,42
"128","Jonnu Smith","TE","PIT",83.1,19.9,1.08,52.2,109,-4.07,-19.4,4.13,122,187,85,16,"6",136,2.5,91
"129","Cowboys","DST","DAL",89.2,11.8,0.605,77.3,107,-4.36,-4.75,0,123,120,103,5,"5",145,0.595,97
"130","Vikings","DST","MIN",88.5,2.37,0.565,86.1,92.7,-4.96,4.12,-14,124,88,158,6,"6",137,1.49,1
"131","Matthew Golden","WR","GB",123,20.9,0.52,95.6,158,-5.1,-8.24,0,125,137,103,41,"6",100,17,92
"132","Jake Ferguson","TE","DAL",82,6.39,0.0118,75,93.6,-5.15,3.42,-11.3,126,92,146,17,"6",135,4.37,11
"133","Isaiah Likely","TE","BAL",82,12.9,0.0947,66.1,104,-5.17,-5.52,-1,127,125,109,18,"6",151,2.95,69
"134","Tyler Loop","K","BAL",142,3.83,0.724,135,145,-5.22,-3.46,-13.7,128,113,157,15,"2",187,1.66,61
"135","Dalton Kincaid","TE","BUF",81.9,7.86,0.0818,66.9,90.4,-5.26,-4.7,-14.5,129,119,161,19,"6",137,3.86,17
"136","Hunter Henry","TE","NE",81.8,11.3,5.28,62.2,97.8,-5.34,-9.37,-7.15,130,147,136,20,"7",156,3.46,40
"137","Rams","DST","LAR",88,9.18,0.667,78.1,99.6,-5.53,-3.93,-6.99,131,116,135,7,"6",162,0.595,39
"138","Jordan Addison","WR","MIN",122,21.7,2.05,93.9,163,-5.62,-9.9,5.67,132,150,81,42,"6",100,4.92,76
"139","Daniel Carlson","K","LVR",142,4.93,0.114,134,146,-5.95,-4.53,-12,133,118,150,16,"2",164,1.08,26
"140","Will Reichard","K","MIN",141,9.84,0.149,129,153,-6.06,-9.08,-5.31,134,142,126,17,"2",167,1.17,90
"141","Bills","DST","BUF",87.3,9.58,2.6,69.3,95,-6.19,-12.7,-11.7,135,162,147,8,"7",127,1.86,35
"142","Brandon McManus","K","GB",141,10.4,2.24,125,155,-6.21,-12.9,-3.03,136,163,118,18,"2",171,1.21,97
"143","Jordan Mason","RB","MIN",106,17.6,0.722,71.7,120,-7.48,-12.4,-21,137,160,198,40,"10",111,9.11,48
"144","Ricky Pearsall","WR","SF",120,17.6,2.62,96.7,152,-7.67,-7.13,-5.82,138,132,131,43,"7",109,5.8,69
"145","Tank Bigsby","RB","JAC",105,21,1.62,76.9,135,-8.2,-7.21,-5.81,139,133,130,41,"10",116,5.02,73
"146","Joshua Karty","K","LAR",139,4.72,1.29,131,145,-8.45,-7.23,-13.1,140,134,153,19,"2",185,0.983,3
"147","Steelers","DST","PIT",84.7,7.6,0.678,75.7,94.7,-8.8,-6.37,-12,141,128,149,9,"7",121,1.9,6
"148","Seahawks","DST","SEA",84,7,0.0417,76.7,92.7,-9.47,-5.33,-14,142,124,159,10,"8",140,1.07,26
"149","49ers","DST","SF",84,10.9,0.191,67.4,95.7,-9.51,-14.6,-10.9,143,169,145,11,"8",152,0.66,74
"150","Packers","DST","GB",83.8,11.6,0.318,70.3,100,-9.71,-11.7,-6.3,144,157,132,12,"8",156,0.81,81
"151","Jake Moody","K","SF",138,6.46,2.58,132,149,-9.73,-6.81,-9.55,145,129,142,20,"2",161,0.55,77
"152","Tyjae Spears","RB","TEN",104,11.9,2.56,86.4,116,-9.82,2.27,-25.8,146,95,211,42,"11",138,5.22,17
"153","Chiefs","DST","KC",83.5,8.71,0.117,72.6,91.3,-10,-9.47,-15.3,147,148,166,13,"8",144,0.93,61
"154","Commanders","DST","WAS",83.4,13.6,0.719,64.9,98.4,-10.1,-17.1,-8.26,148,180,137,14,"9",171,0,90
"155","Dak Prescott","QB","DAL",263,14.3,5.12,244,285,-10.2,-14.2,-12.4,149,165,151,15,"7",91.1,9.19,46
"156","Rashid Shaheed","WR","NO",118,7.67,0.613,104,127,-10.3,0.187,-30.7,150,101,222,44,"7",154,4.05,12
"157","Cade Otton","TE","TB",76.6,10.3,1.44,62.4,90.2,-10.6,-9.2,-14.7,151,143,162,21,"7",171,3,49
"158","Cooper Kupp","WR","SEA",117,18.5,0.282,98.1,152,-10.9,-5.73,-5.66,153,127,127,45,"7",94.3,15,67
"159","Lions","DST","DET",82.7,11.1,0.26,65.3,94.1,-10.9,-16.7,-12.5,152,178,152,15,"9",146,1.58,45
"160","Chargers","DST","LAC",82.4,9.23,0.385,73.1,94.9,-11.1,-8.97,-11.7,154,141,148,16,"10",155,0.7,65
"161","Stefon Diggs","WR","NE",117,12.4,1.87,100,140,-11.2,-3.77,-17.7,155,115,181,46,"7",100,11.5,31
"162","Giants","DST","NYG",82,15.1,1.4,66.3,103,-11.5,-15.7,-4.13,156,174,122,17,"11",154,0.1,99
"163","Darren Waller","TE","MIA",75.1,16.4,0.852,54.4,104,-12.1,-17.2,-1.15,157,181,110,22,"7",174,8.85,94
"164","Cam Little","K","JAC",135,7.35,0.114,126,149,-12.3,-12.1,-9.17,158,159,140,21,"2",169,1.76,52
"165","Cam Skattebo","RB","NYG",101,22.3,1.14,74.4,140,-12.4,-9.74,-1.23,159,149,111,43,"11",107,11.9,70
"166","Jason Myers","K","SEA",135,4.59,3.5,129,140,-12.4,-9.29,-18.1,160,145,184,22,"3",150,0.6,13
"167","Juwan Johnson","TE","NO",74.3,9.49,0.493,60.7,86.6,-12.9,-10.9,-18.3,162,155,185,23,"7",207,1.6,46
"168","Colts","DST","IND",80.6,5.29,1.37,73.9,86.7,-12.9,-8.1,-19.9,161,135,192,18,"12",164,0.4,16
"169","Keon Coleman","WR","BUF",115,15.9,3.55,95.4,137,-13.1,-8.41,-20.3,163,139,195,47,"7",122,4.5,75
"170","Dalton Schultz","TE","HOU",73.8,10.9,0.168,59.1,88.3,-13.4,-12.5,-16.6,164,161,180,24,"7",192,2.8,51
"171","Rachaad White","RB","TB",100,11.6,5.51,80.7,113,-13.5,-3.38,-28.3,165,112,217,44,"11",120,9.04,21
"172","Brenton Strange","TE","JAC",73.6,9.97,0.508,61.2,88.8,-13.6,-10.4,-16.1,166,153,176,25,"7",174,3.66,60
"173","Pat Freiermuth","TE","PIT",73.1,13.2,0.852,50.4,88.4,-14.1,-21.2,-16.5,167,190,177,26,"7",161,2,71
"174","Bears","DST","CHI",79.2,9.6,0.292,67.7,91.3,-14.3,-14.4,-15.3,168,166,167,19,"13",152,0.55,58
"175","Bengals","DST","CIN",78.9,6.53,0.0693,72,88.8,-14.6,-10.1,-17.8,169,152,182,20,"13",162,0,23
"176","Browns","DST","CLE",78.9,10.3,0.0519,65.9,91,-14.6,-16.1,-15.6,170,176,171,21,"13",169,0,84
"177","Cardinals","DST","ARI",78.8,12.5,0.352,61.2,93.4,-14.7,-20.8,-13.3,171,189,155,22,"13",170,0.55,87
"178","Chigoziem Okonkwo","TE","TEN",72.2,12.9,0.128,57,91.3,-14.9,-14.6,-13.6,172,168,156,27,"7",185,1.89,74
"179","Buccaneers","DST","TB",78.5,7.58,0.499,65.1,87.8,-15,-17,-18.8,173,179,186,23,"14",162,0.6,19
"180","Mike Gesicki","TE","CIN",72.1,6.21,0.673,64.6,80.9,-15.1,-7.02,-24,174,130,208,28,"7",176,4.5,14
"181","C.J. Stroud","QB","HOU",258,16.9,2.05,231,282,-15.3,-27,-15,175,207,165,16,"7",110,8.02,40
"182","Raiders","DST","LVR",78,10.1,0.0165,63.4,91,-15.5,-18.7,-15.7,176,185,173,24,"14",170,0,52
"183","Falcons","DST","ATL",78,7.49,0.244,68.4,91.3,-15.6,-13.7,-15.4,177,164,168,25,"14",170,0,13
"184","Taysom Hill","TE","NO",71.4,8.15,0.217,63.4,79.3,-15.7,-8.2,-25.6,178,136,210,29,"7",154,1.39,63
"185","Jets","DST","NYJ",77.7,9.46,1.51,67.2,90.8,-15.8,-14.8,-15.8,179,171,175,26,"15",173,0.3,68
"186","Cairo Santos","K","CHI",132,5.04,0.584,124,138,-15.9,-14.5,-20.4,180,167,196,23,"3",142,0.75,23
"187","Tyler Higbee","TE","LAR",71.2,14.1,3.97,53.1,90.7,-16,-18.5,-14.2,181,184,160,30,"8",200,1.84,83
"188","Blake Grupe","K","NO",131,8.92,0.273,121,147,-16.5,-17.8,-10.9,182,183,144,24,"3",170,0,58
"189","Darnell Mooney","WR","ATL",112,13.1,0.876,94.6,132,-16.6,-9.24,-25.8,183,144,212,48,"7",137,3.3,40
"190","Chad Ryland","K","ARI",131,11.6,0.973,116,150,-16.8,-22.7,-8.42,184,195,138,25,"3",170,0,99
"191","Dolphins","DST","MIA",76.2,10.6,1.19,62,90.9,-17.3,-20,-15.8,185,188,174,27,"16",170,0,77
"192","J.J. McCarthy","QB","MIN",256,24.2,2.38,227,295,-17.4,-31.2,-1.83,186,217,113,17,"7",124,6.57,83
"193","Michael Pittman","WR","IND",111,9.68,0.144,98.7,126,-17.5,-5.13,-31.4,187,122,225,49,"7",116,9.1,7
"194","Khalil Shakir","WR","BUF",110,13.9,2.42,89.1,131,-17.6,-14.8,-26.4,188,170,214,50,"7",115,5.84,33
"195","Spencer Shrader","K","IND",130,10.5,6.32,116,145,-17.8,-22.7,-13.2,189,194,154,26,"4",170,0,81
"196","Saints","DST","NO",75,12.5,2.36,55.7,87.1,-18.5,-26.4,-19.6,190,205,189,28,"17",168,0,48
"197","Jerome Ford","RB","CLE",94.6,22.4,7.09,72.3,131,-19,-11.8,-10.5,191,158,143,45,"11",133,6.46,90
"198","Jordan Love","QB","GB",253,15.9,2.36,232,280,-19.8,-26.5,-16.6,192,206,178,18,"7",111,7.12,49
"199","Theo Johnson","TE","NYG",67.3,12,3.32,50.3,85.3,-19.9,-21.3,-19.6,193,192,190,31,"8",183,1.82,66
"200","Marvin Mims","WR","DEN",108,23,0.0198,76.2,143,-20,-27.6,-14.9,194,208,163,51,"7",144,2.58,78
"201","Josh Downs","WR","IND",108,16,2.62,92.6,138,-20.1,-11.2,-19.1,195,156,187,52,"7",127,3.37,38
"202","Jaguars","DST","JAC",72.7,11.8,0.0472,51.6,86.8,-20.9,-30.4,-19.8,196,214,191,29,"17",170,0,71
"203","Titans","DST","TEN",72.6,12.9,3.36,56.5,88.6,-20.9,-25.5,-18.1,197,202,183,30,"18",170,0,55
"204","Drake Maye","QB","NE",251,17.5,0.614,228,269,-22.1,-29.9,-27.6,198,211,216,19,"7",123,7.55,66
"205","Trevor Lawrence","QB","JAC",250,14.6,5.51,228,267,-22.7,-30,-29.8,200,213,220,20,"8",132,6.07,26
"206","Rashod Bateman","WR","BAL",105,19,6.43,82.3,135,-22.7,-21.5,-22.5,199,193,203,53,"8",155,4.17,65
"207","Mason Taylor","TE","NYJ",63.9,15.7,1.04,38.8,88.3,-23.2,-32.8,-16.6,201,219,179,32,"8",172,3.25,80
"208","Nick Folk","K","NYJ",123,7.61,1.87,115,135,-24.1,-23.3,-23.7,202,196,206,27,"4",170,0,39
"209","Robbie Ouzts","TE","SEA",62.9,NA,0.227,NA,NA,-24.3,NA,NA,204,NA,NA,33,"8",NA,NA,99
"210","Panthers","DST","CAR",69.2,12.7,1.1,57,91.1,-24.3,-25,-15.5,203,201,170,31,"19",169,0,42
"211","Elijah Arroyo","TE","SEA",62.7,22.6,7.91,28.5,89.3,-24.5,-43.1,-15.6,205,241,172,34,"9",176,3.67,97
"212","Patriots","DST","NE",68.1,9.67,0,56.1,82.8,-25.4,-25.9,-23.9,206,204,207,32,"19",163,0.9,94
"213","Graham Gano","K","NYG",121,14.1,0.172,102,143,-26,-36.1,-14.9,207,227,164,28,"4",170,0,84
"214","Ray Davis","RB","BUF",87.5,14.9,1.48,66.7,108,-26.1,-17.5,-33.1,208,182,227,46,"11",143,2.6,32
"215","Joey Slye","K","TEN",121,5.13,1.52,114,130,-26.1,-24.2,-28.4,209,199,218,29,"4",170,0,10
"216","Tyler Allgeier","RB","ATL",86,9.44,0.216,69.2,97.4,-27.6,-14.9,-43.9,210,172,256,47,"11",158,6.35,10
"217","Matthew Wright","K","CAR",120,8.52,0.949,109,133,-27.6,-29,-25.2,211,209,209,30,"4",NA,NA,35
"218","Rico Dowdle","RB","CAR",85.8,16.1,1.77,64.9,115,-27.8,-19.2,-26.2,212,186,213,48,"12",157,3.55,45
"219","Matthew Stafford","QB","LAR",245,21.6,5.67,218,278,-28.2,-40.5,-19.1,213,236,188,21,"8",147,4.45,57
"220","Dustin Hopkins","K","CLE",119,14.3,0.224,97.9,138,-28.6,-40.5,-20.8,214,235,197,31,"4",170,0,87
"221","Andres Borregales","K","NE",119,15.9,30.9,91.7,136,-28.8,-46.6,-22,215,249,202,32,"5",170,0,94
"222","Amari Cooper","WR","FA",99,NA,3.36,NA,NA,-29.1,NA,NA,216,NA,NA,54,"8",163,4.65,99
"223","Trey Benson","RB","ARI",84,16,2.69,58.5,103,-29.6,-25.6,-38.2,217,203,238,49,"12",140,4.52,38
"224","Isaac Guerendo","RB","SF",81.4,15.4,0.077,67.7,105,-32.3,-16.5,-36.4,218,177,234,50,"12",147,3.52,42
"225","Jaydon Blue","RB","DAL",81.3,21.2,2.6,54.6,110,-32.4,-29.5,-31.1,219,210,223,51,"12",138,6.46,87
"226","Will Dissly","TE","LAC",54.8,13.9,1.03,33.2,71.4,-32.4,-38.4,-33.5,220,231,228,35,"9",211,0.756,77
"227","Adam Thielen","WR","CAR",95.6,13.9,0.931,79,114,-32.5,-24.9,-43.4,221,200,254,55,"8",163,2.28,57
"228","Keenan Allen","WR","LAC",94.7,18.8,2.81,73.2,118,-33.4,-30.6,-39.6,222,216,243,56,"8",131,4.13,96
"229","Tyler Conklin","TE","LAC",53.7,17.2,0.538,36.5,83.7,-33.5,-35.1,-21.2,223,225,199,36,"9",236,0.312,86
"230","Bryce Young","QB","CAR",239,16,0.0263,218,263,-33.9,-40.6,-34,224,237,229,22,"8",145,4.5,34
"231","Geno Smith","QB","LVR",239,15.8,0.472,216,258,-33.9,-41.8,-39.2,225,238,240,23,"8",150,3.68,29
"232","Tua Tagovailoa","QB","MIA",239,20.6,2.84,211,268,-34.4,-47.6,-28.9,227,253,219,24,"8",135,5.05,43
"233","Nick Chubb","RB","HOU",78.7,23.1,4.03,51,118,-35,-33.1,-22.9,229,220,204,52,"12",147,6.14,92
"234","Emeka Egbuka","WR","TB",91.9,20.2,3.52,67,131,-36.2,-36.8,-26.6,231,229,215,57,"8",116,21.4,86
"235","Michael Penix Jr.","QB","ATL",236,12.5,4.97,223,258,-37.2,-34.7,-39.4,233,224,242,25,"9",143,4.89,17
"236","Kareem Hunt","RB","KC",74.6,12.6,2.77,60,97.9,-39,-24.1,-43.4,235,198,253,53,"12",153,3.02,54
"237","Xavier Legette","WR","CAR",88.4,13.6,0.19,67.2,106,-39.7,-36.6,-51.1,236,228,270,58,"8",163,1.6,49
"238","Alec Pierce","WR","IND",88.2,28.9,0.896,49.7,125,-39.9,-54.2,-32.9,237,273,226,59,"9",192,2.97,94
"239","Brandon Aiyuk","WR","SF",87.3,46.7,0.128,7.36,160,-40.8,-96.5,2.1,238,477,92,60,"9",129,6.36,99
"240","Cedric Tillman","WR","CLE",87.2,10.5,0.192,71.6,102,-40.9,-32.2,-55.7,239,218,279,61,"9",176,2.43,28
"241","Marquise Brown","WR","KC",87,25.4,0.989,36.2,113,-41.1,-67.6,-45,240,339,257,62,"9",157,3.44,82
"242","Zack Moss","RB","FA",71.9,5.4,0.604,68.2,75.6,-41.8,-15.9,-65.7,241,175,306,54,"12",194,1,11
"243","Christian Kirk","WR","HOU",86,16,0.304,70.5,110,-42.1,-33.3,-47.4,242,221,261,63,"9",156,4.41,50
"244","Sam Darnold","QB","SEA",231,18,2.45,205,255,-42.2,-53,-41.7,243,270,250,26,"9",147,3.94,23
"245","Bhayshul Tuten","RB","JAC",71.3,23.3,0.035,37,107,-42.4,-47.1,-34.4,244,251,231,55,"12",150,6.11,94
"246","Braelon Allen","RB","NYJ",71.2,13,0.307,50.3,90.5,-42.4,-33.8,-50.8,245,222,269,56,"12",154,3.81,25
"247","Romeo Doubs","WR","GB",85.7,17.3,0.352,65.7,108,-42.4,-38.1,-49.4,246,230,266,64,"9",168,2.65,53
"248","Jaylen Wright","RB","MIA",70.9,22.2,0.984,37,103,-42.7,-47.1,-38.1,247,250,237,57,"12",166,2.66,76
"249","Jayden Higgins","WR","HOU",85.3,36.3,2.01,22.1,126,-42.8,-81.8,-31.2,248,429,224,65,"9",135,14,97
"250","Roschon Johnson","RB","CHI",69.9,16.6,1.53,53.6,99.7,-43.7,-30.5,-41.5,249,215,248,58,"13",169,3.57,52
"251","Aaron Rodgers","QB","PIT",228,23.4,6.93,209,273,-44.7,-49.1,-23.7,250,258,205,27,"9",155,5.22,54
"252","Quentin Johnston","WR","LAC",83.3,27.7,0.914,48.5,120,-44.8,-55.4,-37.4,251,281,235,66,"9",163,2.6,89
"253","Dylan Sampson","RB","CLE",68.4,29,3.96,16.7,99.3,-45.2,-67.4,-42,252,334,251,59,"13",154,4.64,96
"254","Michael Wilson","WR","ARI",82.4,14,2.03,63.7,100,-45.7,-40.1,-57.5,254,234,282,67,"9",198,1.21,72
"255","Wan'Dale Robinson","WR","NYG",80.4,12.5,0.43,59.2,93.9,-47.7,-44.6,-63.7,257,245,299,68,"9",178,2,68
"256","Demario Douglas","WR","NE",80,14.7,3.51,59.6,99.5,-48.2,-44.2,-58.1,258,244,286,69,"9",170,3.93,71
"257","Justice Hill","RB","BAL",64.5,15,1.87,38.6,86.5,-49.2,-45.5,-54.8,260,247,276,60,"13",183,2.28,66
"258","MarShawn Lloyd","RB","GB",62.6,25.3,2.79,27.1,102,-51,-57,-39.2,261,289,241,61,"13",182,1.21,89
"259","Cam Ward","QB","TEN",221,26.1,19.5,183,257,-51.6,-75.3,-40.1,262,394,245,28,"10",148,32.5,60
"260","Luther Burden","WR","CHI",76.4,21.7,0.253,42,111,-51.7,-61.8,-46.2,263,305,260,70,"9",151,13,81
"261","Tyler Lockett","WR","TEN",76.2,20.2,1.69,52.7,114,-51.9,-51.2,-43.8,265,262,255,71,"9",191,3.12,93
"262","Josh Palmer","WR","BUF",74.5,18.4,0.636,49.2,99,-53.6,-54.6,-58.6,269,277,287,72,"9",174,3.96,83
"263","Gus Edwards","RB","FA",59.8,NA,0.652,NA,NA,-53.8,NA,NA,270,NA,NA,62,"13",NA,NA,97
"264","Kendre Miller","RB","NO",59.1,23.5,1.45,40.4,107,-54.5,-43.7,-34.3,274,242,230,63,"13",179,3.31,86
"265","Miles Sanders","RB","DAL",57.7,11.9,1.56,39.9,71.8,-55.9,-44.2,-69.4,277,243,313,64,"13",196,2.09,46
"266","Ty Johnson","RB","BUF",56.1,17.9,1.78,38.8,83.5,-57.5,-45.3,-57.8,279,246,283,65,"13",209,0.972,83
"267","Raheem Mostert","RB","LVR",54.4,19.7,1.81,29.5,91.2,-59.3,-54.6,-50.1,287,276,268,66,"13",192,1.55,82
"268","Blake Corum","RB","LAR",52.5,21.7,0.789,32.3,96,-61.1,-51.8,-45.2,294,264,258,67,"13",192,1.18,80
"269","Audric Estime","RB","DEN",51.8,10,2.03,44.2,65.2,-61.9,-39.9,-76.1,296,233,346,68,"14",NA,NA,68
"270","Woody Marks","RB","HOU",49.7,31.1,0.444,5.35,93,-63.9,-78.8,-48.3,303,408,262,69,"14",177,3.16,99
"271","Devin Singletary","RB","NYG",49.3,22.2,0.212,10.8,77.2,-64.3,-73.3,-64.1,306,381,302,70,"14",198,1.3,85
"272","Cam Akers","RB","NO",49.1,0.806,0.765,48.3,49.8,-64.6,-35.8,-91.5,308,226,401,71,"14",230,2.5,18
"273","Sean Tucker","RB","TB",48.3,11.9,0.837,33.5,61.6,-65.3,-50.6,-79.7,314,261,356,72,"14",197,2.76,56
"274","Anthony Richardson","QB","IND",202,67.4,17.5,103,277,-71.1,-155,-20.3,353,538,194,29,"11",130,5.87,91
"275","Russell Wilson","QB","NYG",184,45.9,43.2,111,237,-88.7,-147,-60.1,447,537,291,30,"12",145,3.82,80
"276","Tyler Shough","QB","NO",141,45.8,47.1,76.5,226,-132,-182,-70.8,611,539,324,31,"13",166,5.08,86
"277","Joe Flacco","QB","CLE",94.1,33.5,5.8,41.1,145,-179,-217,-152,614,540,539,32,"14",186,2.72,71
"278","Daniel Jones","QB","IND",88.3,56.1,14.6,0.38,154,-185,-258,-143,615,556,521,33,"15",178,3.78,89
"279","Kirk Cousins","QB","ATL",73.7,96,2.15,0.0882,208,-199,-258,-89.4,616,570,390,34,"15",176,1.45,97
"280","Spencer Rattler","QB","NO",71.5,79.9,5,-3.87,223,-202,-262,-73.5,617,586,332,35,"15",186,1.61,94
"281","Deshaun Watson","QB","CLE",66.5,47.1,7.35,34.2,99.1,-207,-224,-198,618,541,546,36,"16",281,1.15,99
